{
    "package_version": "1.0",
    "id": "2174e8ef-12c0-4f2b-861a-e51312c047fe",
    "type": "client-app",
    "name": "Add-on containing apps(s)",
    "description": "Apps: [CDC UI]",
    "minimum_version": "0080300000",
    "icon_16": "extension-16.png",
    "icon_48": "extension-48.png",
    "icon_128": "extension-128.png",
    "released_on": "2013-03-08T19:11:11.234Z",
    "register_url": "%serviceURL%/jive/oauth/register",
    "unregister_url": "%serviceURL%/jive/oauth/unregister",
    "service_url": "http://localhost:8090",
    "redirect_url": "%serviceURL%"
}